<keymap version="1" name="XWin copy Proper Redo" parent="Default for XWin">
  <action id="$Redo">
    <keyboard-shortcut first-keystroke="shift ctrl z" />
    <keyboard-shortcut first-keystroke="shift alt back_space" />
    <keyboard-shortcut first-keystroke="ctrl y" />
  </action>
  <action id="ChangesView.ToggleCommitUi" />
  <action id="CheckinProject" />
  <action id="CommentByLineComment">
    <keyboard-shortcut first-keystroke="ctrl k" second-keystroke="ctrl k" />
  </action>
  <action id="EditorDeleteLine" />
  <action id="Git.Commit.Stage" />
  <action id="MarkObjectAction.Frontend" />
  <action id="QuickImplementations" />
  <action id="ShowBookmarks" />
  <action id="StepInto">
    <keyboard-shortcut first-keystroke="f11" />
  </action>
  <action id="StepOut">
    <keyboard-shortcut first-keystroke="shift f11" />
  </action>
  <action id="StepOver">
    <keyboard-shortcut first-keystroke="f10" />
  </action>
  <action id="ToggleBookmark" />
  <action id="Tool_External Tools_Commit Everything">
    <keyboard-shortcut first-keystroke="shift ctrl i" />
  </action>
</keymap>