<application>
  <component name="ProjectManager">
    <defaultProject>
      <component name="PropertiesComponent">{}</component>
      <component name="WindowStateProjectService">
        <state x="0" y="152" width="800" height="614" key="new project wizard" timestamp="1747465815252">
          <screen x="0" y="0" width="1440" height="960" />
        </state>
        <state x="0" y="152" width="800" height="614" key="new project wizard/0.0.1440.960" timestamp="1747465815252" />
      </component>
    </defaultProject>
  </component>
</application>