<application>
  <component name="Trusted.Paths">
    <option name="TRUSTED_PROJECT_PATHS">
      <map>
        <entry key="$USER_HOME$/Downloads/üpa" value="true" />
        <entry key="$USER_HOME$/IdeaProjects/pgdp2425w09h02-go36bur" value="true" />
        <entry key="$USER_HOME$/IdeaProjects/pgdp2425w12h01pinguinkitchen-go36bur" value="true" />
        <entry key="$USER_HOME$/IdeaProjects/pgdp2425w12h03-go36bur" value="true" />
        <entry key="$USER_HOME$/IdeaProjects/pgdp2425w12p01memoryvisibility-go36bur" value="true" />
        <entry key="$USER_HOME$/IdeaProjects/pgdp2425w12p01memoryvisibility-practice-go36bur" value="true" />
        <entry key="$USER_HOME$/IdeaProjects/test" value="true" />
        <entry key="$USER_HOME$/uni/EIST/eist25l01pe01-go36bur" value="true" />
        <entry key="$USER_HOME$/uni/EIST/eist25l02p01-go36bur" value="true" />
        <entry key="$USER_HOME$/uni/EIST/eist25l02p02-go36bur" value="true" />
        <entry key="$USER_HOME$/uni/EIST/eist25l02pb01-go36bur" value="true" />
        <entry key="$USER_HOME$/uni/EIST/eist25l02pb02-go36bur" value="true" />
        <entry key="$USER_HOME$/uni/EIST/eist25l02pe01-go36bur" value="true" />
        <entry key="$USER_HOME$/uni/EIST/eist25l02pe02-go36bur" value="true" />
        <entry key="$USER_HOME$/uni/EIST/eist25l03p01-go36bur" value="true" />
        <entry key="$USER_HOME$/uni/EIST/eist25l03p02-go36bur" value="true" />
        <entry key="$USER_HOME$/uni/EIST/eist25l03pb01-go36bur" value="true" />
        <entry key="$USER_HOME$/uni/EIST/eist25l03pb02-go36bur" value="true" />
        <entry key="$USER_HOME$/uni/EIST/eist25l03pe02-go36bur" value="true" />
        <entry key="$USER_HOME$/uni/EIST/eist25l04p01-go36bur" value="true" />
        <entry key="$USER_HOME$/uni/EIST/eist25l04p02-go36bur" value="true" />
        <entry key="$USER_HOME$/uni/EIST/eist25l04pb01-go36bur" value="true" />
        <entry key="$USER_HOME$/uni/EIST/eist25l04pb02-go36bur" value="true" />
        <entry key="$USER_HOME$/uni/EIST/eist25l04pe02-go36bur" value="true" />
        <entry key="$USER_HOME$/uni/EIST/eist25l05p02-go36bur" value="true" />
        <entry key="$USER_HOME$/uni/EIST/eist25l05p03-go36bur" value="true" />
        <entry key="$USER_HOME$/uni/EIST/eist25l05pb01-go36bur" value="true" />
        <entry key="$USER_HOME$/uni/EIST/eist25l05pb02-go36bur" value="true" />
        <entry key="$USER_HOME$/uni/EIST/eist25l05pe01-go36bur" value="true" />
        <entry key="$USER_HOME$/uni/EIST/eist25l05pe02-go36bur" value="true" />
        <entry key="$USER_HOME$/uni/EIST/eist25l06pb02-go36bur" value="true" />
        <entry key="$USER_HOME$/uni/EIST/eist25l06pb03-go36bur" value="true" />
        <entry key="$USER_HOME$/uni/EIST/eist25l06pe01-go36bur" value="true" />
        <entry key="$USER_HOME$/uni/EIST/eist25l06pe02-go36bur" value="true" />
        <entry key="$USER_HOME$/uni/EIST/gad25e02-go36bur" value="true" />
        <entry key="$USER_HOME$/uni/GAD/eist25l02p01-go36bur" value="true" />
        <entry key="$USER_HOME$/uni/GAD/eist25l05p01-go36bur" value="true" />
        <entry key="$USER_HOME$/uni/GAD/gad25e01-go36bur" value="true" />
        <entry key="$USER_HOME$/uni/GAD/gad25e03-go36bur" value="true" />
        <entry key="$USER_HOME$/uni/GAD/gad25e06-go36bur" value="true" />
        <entry key="$USER_HOME$/uni/GAD/gad25e06new-go36bur" value="true" />
        <entry key="$USER_HOME$/uni/GAD/gad25e07-go36bur" value="true" />
        <entry key="$USER_HOME$/uni/GAD/gad25e08-go36bur" value="true" />
        <entry key="$USER_HOME$/uni/GAD/gad25e09-go36bur" value="true" />
        <entry key="$USER_HOME$/uni/GAD/gad25e10-go36bur" value="true" />
        <entry key="$USER_HOME$/uni/GAD/gad25p04-go36bur" value="true" />
        <entry key="$USER_HOME$/uni/GAD/gad25p74-go36bur" value="true" />
        <entry key="C:\Users\valen\Desktop\Complaint\pgdp2425-QuanTUM-tests" value="true" />
        <entry key="C:\Users\valen\Downloads\pgdp2425flipperflow-go76los\pgdp2425flipperflow-go76los" value="true" />
        <entry key="C:\Users\valen\IdeaProjects\Test" value="true" />
        <entry key="C:\Users\valen\OneDrive\Schule-Studium\Tum\1 WS24 FS1\PGDP\Artemis\pgdp2425w09h03-go36bur" value="true" />
        <entry key="C:\Users\valen\OneDrive\Schule-Studium\Tum\1 WS24 FS1\PGDP\Artemis\pgdp2425w10h01-go36bur" value="true" />
        <entry key="C:\Users\valen\OneDrive\Schule-Studium\Tum\1 WS24 FS1\PGDP\Artemis\pgdp2425w10h02-go36bur" value="true" />
        <entry key="C:\Users\valen\OneDrive\Schule-Studium\Tum\WS24 FS1\PGDP\Artemis\FromUEPA\pgdp2425tumobilerevisited-go36bur" value="true" />
        <entry key="C:\Users\valen\OneDrive\Schule-Studium\Tum\WS24 FS1\PGDP\Artemis\FromUEPA\pgdp2425w09b01-go36bur" value="true" />
        <entry key="C:\Users\valen\OneDrive\Schule-Studium\Tum\WS24 FS1\PGDP\Artemis\FromUEPA\pgdp2425w09h03-go36bur" value="true" />
        <entry key="C:\Users\valen\OneDrive\Schule-Studium\Tum\WS24 FS1\PGDP\Artemis\FromUEPA\pgdp2425w09p01-go36bur" value="true" />
        <entry key="C:\Users\valen\OneDrive\Schule-Studium\Tum\WS24 FS1\PGDP\Artemis\FromUEPA\pgdp2425w10h01-go36bur" value="true" />
        <entry key="C:\Users\valen\OneDrive\Schule-Studium\Tum\WS24 FS1\PGDP\Artemis\FromUEPA\pgdp2425w10h02-go36bur" value="true" />
        <entry key="C:\Users\valen\OneDrive\Schule-Studium\Tum\WS24 FS1\PGDP\Artemis\FromUEPA\pgdp2425w10p01-go36bur" value="true" />
        <entry key="C:\Users\valen\OneDrive\Schule-Studium\Tum\WS24 FS1\PGDP\Artemis\FromUEPA\pgdp2425w10p02-go36bur" value="true" />
        <entry key="C:\Users\valen\OneDrive\Schule-Studium\Tum\WS24 FS1\PGDP\Artemis\FromUEPA\pgdp2425w10p03-go36bur" value="true" />
        <entry key="C:\Users\valen\OneDrive\Schule-Studium\Tum\WS24 FS1\PGDP\Artemis\FromUEPA\pgdp2425w11h01-go36bur" value="true" />
        <entry key="C:\Users\valen\OneDrive\Schule-Studium\Tum\WS24 FS1\PGDP\Artemis\FromUEPA\pgdp2425w11h02-go36bur" value="true" />
        <entry key="C:\Users\valen\OneDrive\Schule-Studium\Tum\WS24 FS1\PGDP\Artemis\FromUEPA\pgdp2425w11h03-go36bur" value="true" />
        <entry key="C:\Users\valen\OneDrive\Schule-Studium\Tum\WS24 FS1\PGDP\Artemis\FromUEPA\pgdp2425w11p00-go36bur" value="true" />
        <entry key="C:\Users\valen\OneDrive\Schule-Studium\Tum\WS24 FS1\PGDP\Artemis\FromUEPA\pgdp2425w11p03-go36bur" value="true" />
        <entry key="C:\Users\valen\OneDrive\Schule-Studium\Tum\WS24 FS1\PGDP\Artemis\MitFinn" value="true" />
        <entry key="C:\Users\valen\OneDrive\Schule-Studium\Tum\WS24 FS1\PGDP\Artemis\pgdp2425angeln-go36bur" value="true" />
        <entry key="C:\Users\valen\OneDrive\Schule-Studium\Tum\WS24 FS1\PGDP\Artemis\pgdp2425e02-go36bur" value="true" />
        <entry key="C:\Users\valen\OneDrive\Schule-Studium\Tum\WS24 FS1\PGDP\Artemis\pgdp2425flipperflow-go36bur" value="true" />
        <entry key="C:\Users\valen\OneDrive\Schule-Studium\Tum\WS24 FS1\PGDP\Artemis\pgdp2425leb-go36bur" value="true" />
        <entry key="C:\Users\valen\OneDrive\Schule-Studium\Tum\WS24 FS1\PGDP\Artemis\pgdp2425matchings-go36bur" value="true" />
        <entry key="C:\Users\valen\OneDrive\Schule-Studium\Tum\WS24 FS1\PGDP\Artemis\pgdp2425pengu-go36bur" value="true" />
        <entry key="C:\Users\valen\OneDrive\Schule-Studium\Tum\WS24 FS1\PGDP\Artemis\pgdp2425pengutestrun-go36bur" value="true" />
        <entry key="C:\Users\valen\OneDrive\Schule-Studium\Tum\WS24 FS1\PGDP\Artemis\pgdp2425quantum-go36bur" value="true" />
        <entry key="C:\Users\valen\OneDrive\Schule-Studium\Tum\WS24 FS1\PGDP\Artemis\pgdp2425tumobile-go36bur" value="true" />
        <entry key="C:\Users\valen\OneDrive\Schule-Studium\Tum\WS24 FS1\PGDP\Artemis\pgdp2425tumobilerevisited-go36bur" value="true" />
        <entry key="C:\Users\valen\OneDrive\Schule-Studium\Tum\WS24 FS1\PGDP\Artemis\pgdp2425w02h01-go36bur" value="true" />
        <entry key="C:\Users\valen\OneDrive\Schule-Studium\Tum\WS24 FS1\PGDP\Artemis\pgdp2425w02h02-go36bur" value="true" />
        <entry key="C:\Users\valen\OneDrive\Schule-Studium\Tum\WS24 FS1\PGDP\Artemis\pgdp2425w02h03-go36bur" value="true" />
        <entry key="C:\Users\valen\OneDrive\Schule-Studium\Tum\WS24 FS1\PGDP\Artemis\pgdp2425w02p02-go36bur" value="true" />
        <entry key="C:\Users\valen\OneDrive\Schule-Studium\Tum\WS24 FS1\PGDP\Artemis\pgdp2425w02p04-go36bur" value="true" />
        <entry key="C:\Users\valen\OneDrive\Schule-Studium\Tum\WS24 FS1\PGDP\Artemis\pgdp2425w03h01-go36bur" value="true" />
        <entry key="C:\Users\valen\OneDrive\Schule-Studium\Tum\WS24 FS1\PGDP\Artemis\pgdp2425w03h02-go36bur" value="true" />
        <entry key="C:\Users\valen\OneDrive\Schule-Studium\Tum\WS24 FS1\PGDP\Artemis\pgdp2425w03h03-go36bur" value="true" />
        <entry key="C:\Users\valen\OneDrive\Schule-Studium\Tum\WS24 FS1\PGDP\Artemis\pgdp2425w03p01-go36bur" value="true" />
        <entry key="C:\Users\valen\OneDrive\Schule-Studium\Tum\WS24 FS1\PGDP\Artemis\pgdp2425w03p02-go36bur" value="true" />
        <entry key="C:\Users\valen\OneDrive\Schule-Studium\Tum\WS24 FS1\PGDP\Artemis\pgdp2425w04h01-go36bur" value="true" />
        <entry key="C:\Users\valen\OneDrive\Schule-Studium\Tum\WS24 FS1\PGDP\Artemis\pgdp2425w04h02-go36bur" value="true" />
        <entry key="C:\Users\valen\OneDrive\Schule-Studium\Tum\WS24 FS1\PGDP\Artemis\pgdp2425w04h03-go36bur" value="true" />
        <entry key="C:\Users\valen\OneDrive\Schule-Studium\Tum\WS24 FS1\PGDP\Artemis\pgdp2425w04p01-go36bur" value="true" />
        <entry key="C:\Users\valen\OneDrive\Schule-Studium\Tum\WS24 FS1\PGDP\Artemis\pgdp2425w04p02-go36bur" value="true" />
        <entry key="C:\Users\valen\OneDrive\Schule-Studium\Tum\WS24 FS1\PGDP\Artemis\pgdp2425w05h01-go36bur" value="true" />
        <entry key="C:\Users\valen\OneDrive\Schule-Studium\Tum\WS24 FS1\PGDP\Artemis\pgdp2425w05h02-go36bur" value="true" />
        <entry key="C:\Users\valen\OneDrive\Schule-Studium\Tum\WS24 FS1\PGDP\Artemis\pgdp2425w05h03-go36bur" value="true" />
        <entry key="C:\Users\valen\OneDrive\Schule-Studium\Tum\WS24 FS1\PGDP\Artemis\pgdp2425w05p02-go36bur" value="true" />
        <entry key="C:\Users\valen\OneDrive\Schule-Studium\Tum\WS24 FS1\PGDP\Artemis\pgdp2425w06h01-go36bur" value="true" />
        <entry key="C:\Users\valen\OneDrive\Schule-Studium\Tum\WS24 FS1\PGDP\Artemis\pgdp2425w06h02-go36bur" value="true" />
        <entry key="C:\Users\valen\OneDrive\Schule-Studium\Tum\WS24 FS1\PGDP\Artemis\pgdp2425w06h03-go36bur" value="true" />
        <entry key="C:\Users\valen\OneDrive\Schule-Studium\Tum\WS24 FS1\PGDP\Artemis\pgdp2425w06p01-go36bur" value="true" />
        <entry key="C:\Users\valen\OneDrive\Schule-Studium\Tum\WS24 FS1\PGDP\Artemis\pgdp2425w06p02-go36bur" value="true" />
        <entry key="C:\Users\valen\OneDrive\Schule-Studium\Tum\WS24 FS1\PGDP\Artemis\pgdp2425w07h01pingupingulosvdiesuchmaschineschlaegtzurueck-go36bur" value="true" />
        <entry key="C:\Users\valen\OneDrive\Schule-Studium\Tum\WS24 FS1\PGDP\Artemis\pgdp2425w07p01-go36bur" value="true" />
        <entry key="C:\Users\valen\OneDrive\Schule-Studium\Tum\WS24 FS1\PGDP\Artemis\pgdp2425w07p02tumobile-go36bur" value="true" />
        <entry key="C:\Users\valen\OneDrive\Schule-Studium\Tum\WS24 FS1\PGDP\Artemis\pgdp2425w08h01-go36bur" value="true" />
        <entry key="C:\Users\valen\OneDrive\Schule-Studium\Tum\WS24 FS1\PGDP\Artemis\pgdp2425w08h02-go36bur" value="true" />
        <entry key="C:\Users\valen\OneDrive\Schule-Studium\Tum\WS24 FS1\PGDP\Artemis\pgdp2425w08h03-go36bur" value="true" />
        <entry key="C:\Users\valen\OneDrive\Schule-Studium\Tum\WS24 FS1\PGDP\Artemis\pgdp2425w08p01-go36bur" value="true" />
        <entry key="C:\Users\valen\OneDrive\Schule-Studium\Tum\WS24 FS1\PGDP\Artemis\pgdp2425w08p02-go36bur" value="true" />
        <entry key="C:\Users\valen\OneDrive\Schule-Studium\Tum\WS24 FS1\PGDP\Artemis\pgdp2425w08p03-go36bur" value="true" />
        <entry key="C:\Users\valen\OneDrive\Schule-Studium\Tum\WS24 FS1\PGDP\Artemis\pgdp2425w09b01-go36bur" value="true" />
        <entry key="C:\Users\valen\OneDrive\Schule-Studium\Tum\WS24 FS1\PGDP\Artemis\pgdp2425w09h01-go36bur" value="true" />
        <entry key="C:\Users\valen\OneDrive\Schule-Studium\Tum\WS24 FS1\PGDP\Artemis\pgdp2425w09h02-go36bur" value="true" />
        <entry key="C:\Users\valen\OneDrive\Schule-Studium\Tum\WS24 FS1\PGDP\Artemis\pgdp2425w09h03-go36bur" value="true" />
        <entry key="C:\Users\valen\OneDrive\Schule-Studium\Tum\WS24 FS1\PGDP\Artemis\pgdp2425w10h01-go36bur" value="true" />
        <entry key="C:\Users\valen\OneDrive\Schule-Studium\Tum\WS24 FS1\PGDP\Artemis\pgdp2425w10h02-go36bur" value="true" />
        <entry key="C:\Users\valen\OneDrive\Schule-Studium\Tum\WS24 FS1\PGDP\Artemis\pgdp2425w12h01pinguinkitchen-go36bur" value="true" />
        <entry key="C:\Users\valen\OneDrive\Schule-Studium\Tum\WS24 FS1\PGDP\Artemis\pgdp2425w12h02-go36bur" value="true" />
        <entry key="C:\Users\valen\OneDrive\Schule-Studium\Tum\WS24 FS1\PGDP\Artemis\pgdp2425w12h03-go36bur" value="true" />
        <entry key="C:\Users\valen\OneDrive\Spontanideen\Java\fermas grosser satz" value="true" />
      </map>
    </option>
  </component>
  <component name="Trusted.Paths.Settings">
    <option name="TRUSTED_PATHS">
      <list>
        <option value="C:\Users\valen\OneDrive\Schule-Studium\Tum\WS24 FS1\PGDP\Artemis" />
        <option value="$USER_HOME$/IdeaProjects" />
        <option value="$USER_HOME$/uni/GAD" />
        <option value="$USER_HOME$/uni/EIST" />
      </list>
    </option>
  </component>
</application>