<application>
  <component name="DimensionService">
    <location key="find.popup.0.0.2880.1920@192dpi" x="948" y="102" />
    <location key="GridCell.Tab.1.left.0.0.2880.1920@192dpi" x="10" y="1092" />
    <location key="GridCell.Tab.1.center.0.0.2880.1920@192dpi" x="10" y="1092" />
    <location key="GridCell.Tab.1.right.0.0.2880.1920@192dpi" x="10" y="1092" />
    <location key="GridCell.Tab.1.bottom.0.0.2880.1920@192dpi" x="10" y="1092" />
    <location key="GridCell.Tab.2.left.0.0.2880.1920@192dpi" x="10" y="1092" />
    <location key="GridCell.Tab.2.center.0.0.2880.1920@192dpi" x="10" y="1092" />
    <location key="GridCell.Tab.2.right.0.0.2880.1920@192dpi" x="10" y="1092" />
    <location key="GridCell.Tab.2.bottom.0.0.2880.1920@192dpi" x="10" y="1092" />
    <location key="GridCell.Tab.-1.left.0.0.2880.1920@192dpi" x="86" y="1152" />
    <location key="GridCell.Tab.-1.center.0.0.2880.1920@192dpi" x="86" y="1152" />
    <location key="GridCell.Tab.-1.right.0.0.2880.1920@192dpi" x="86" y="1152" />
    <location key="GridCell.Tab.-1.bottom.0.0.2880.1920@192dpi" x="86" y="1152" />
    <location key="find.popup.174.-1440.2560.1440" x="1118" y="-1313" />
    <size key="GridCell.Tab.0.left.0.0.2880.1920@192dpi" width="2680" height="522" />
    <size key="GridCell.Tab.0.center.0.0.2880.1920@192dpi" width="2680" height="522" />
    <size key="GridCell.Tab.0.right.0.0.2880.1920@192dpi" width="2680" height="522" />
    <size key="GridCell.Tab.0.bottom.0.0.2880.1920@192dpi" width="2680" height="522" />
    <size key="find.popup.0.0.2880.1920@192dpi" width="1360" height="1268" />
    <size key="GridCell.Tab.1.left.0.0.2880.1920@192dpi" width="2680" height="522" />
    <size key="GridCell.Tab.1.center.0.0.2880.1920@192dpi" width="2680" height="522" />
    <size key="GridCell.Tab.1.right.0.0.2880.1920@192dpi" width="2680" height="522" />
    <size key="GridCell.Tab.1.bottom.0.0.2880.1920@192dpi" width="2680" height="522" />
    <size key="GridCell.Tab.-1.left.0.0.2880.1920@192dpi" width="2718" height="850" />
    <size key="GridCell.Tab.-1.center.0.0.2880.1920@192dpi" width="2718" height="850" />
    <size key="GridCell.Tab.-1.right.0.0.2880.1920@192dpi" width="2718" height="850" />
    <size key="GridCell.Tab.-1.bottom.0.0.2880.1920@192dpi" width="2718" height="850" />
    <size key="GridCell.Tab.2.left.0.0.2880.1920@192dpi" width="2680" height="522" />
    <size key="GridCell.Tab.2.center.0.0.2880.1920@192dpi" width="2680" height="522" />
    <size key="GridCell.Tab.2.right.0.0.2880.1920@192dpi" width="2680" height="522" />
    <size key="GridCell.Tab.2.bottom.0.0.2880.1920@192dpi" width="2680" height="522" />
    <size key="GridCell.Tab.0.left.174.-1440.2560.1440" width="2476" height="257" />
    <size key="GridCell.Tab.0.center.174.-1440.2560.1440" width="2476" height="257" />
    <size key="GridCell.Tab.0.right.174.-1440.2560.1440" width="2476" height="257" />
    <size key="GridCell.Tab.0.bottom.174.-1440.2560.1440" width="2476" height="257" />
    <size key="GridCell.Tab.1.right.174.-1440.2560.1440" width="2476" height="257" />
    <size key="GridCell.Tab.1.left.174.-1440.2560.1440" width="2476" height="257" />
    <size key="GridCell.Tab.1.center.174.-1440.2560.1440" width="2476" height="257" />
    <size key="GridCell.Tab.1.bottom.174.-1440.2560.1440" width="2476" height="257" />
    <size key="find.popup.174.-1440.2560.1440" width="799" height="975" />
    <size key="GridCell.Tab.0.left.0.0.2560.1440" width="2478" height="224" />
    <size key="GridCell.Tab.0.center.0.0.2560.1440" width="2478" height="224" />
    <size key="GridCell.Tab.0.right.0.0.2560.1440" width="2478" height="224" />
    <size key="GridCell.Tab.0.bottom.0.0.2560.1440" width="2478" height="224" />
    <size key="GridCell.Tab.0.left.174.-2560.1440.2560" width="486" height="2397" />
    <size key="GridCell.Tab.0.center.174.-2560.1440.2560" width="486" height="2397" />
    <size key="GridCell.Tab.0.right.174.-2560.1440.2560" width="486" height="2397" />
    <size key="GridCell.Tab.0.bottom.174.-2560.1440.2560" width="486" height="2397" />
    <size key="GridCell.Tab.3.left.0.0.2880.1920@192dpi" width="2680" height="522" />
    <size key="GridCell.Tab.3.center.0.0.2880.1920@192dpi" width="2680" height="522" />
    <size key="GridCell.Tab.3.right.0.0.2880.1920@192dpi" width="2680" height="522" />
    <size key="GridCell.Tab.3.bottom.0.0.2880.1920@192dpi" width="2680" height="522" />
    <size key="GridCell.Tab.4.left.0.0.2880.1920@192dpi" width="2680" height="522" />
    <size key="GridCell.Tab.4.center.0.0.2880.1920@192dpi" width="2680" height="522" />
    <size key="GridCell.Tab.4.right.0.0.2880.1920@192dpi" width="2680" height="522" />
    <size key="GridCell.Tab.4.bottom.0.0.2880.1920@192dpi" width="2680" height="522" />
    <size key="GridCell.Tab.5.left.0.0.2880.1920@192dpi" width="1874" height="352" />
    <size key="GridCell.Tab.5.center.0.0.2880.1920@192dpi" width="1874" height="352" />
    <size key="GridCell.Tab.5.right.0.0.2880.1920@192dpi" width="1874" height="352" />
    <size key="GridCell.Tab.5.bottom.0.0.2880.1920@192dpi" width="1874" height="352" />
  </component>
  <component name="WindowManager">
    <frame x="20" y="20" width="1424" height="919" extendedState="6" />
  </component>
  <component name="WindowStateApplicationService">
    <state width="407" height="150" key="ShowUsagesActions.dimensionServiceKey" timestamp="1749150408863">
      <screen x="0" y="0" width="1440" height="960" />
    </state>
    <state width="407" height="150" key="ShowUsagesActions.dimensionServiceKey/0.0.1440.960" timestamp="1749150408863" />
    <state width="407" height="107" key="ShowUsagesActions.dimensionServiceKey/0.0.1440.960/1440.0.2560.1440" timestamp="1747848086268" />
    <state x="720" y="472" width="800" height="919" key="WELCOME_SCREEN" timestamp="1749143181407">
      <screen x="0" y="0" width="1440" height="960" />
    </state>
    <state x="720" y="472" width="800" height="919" key="WELCOME_SCREEN/0.0.1440.960" timestamp="1749143181407" />
    <state x="720" y="472" width="800" height="919" key="WELCOME_SCREEN/0.0.1440.960/1440.0.2560.1440" timestamp="1747854130616" />
  </component>
</application>